sample_id,HAVCR2,LAG3,PDCD1,TIGIT
TCGA-3L-AA1B-01,86.0735,38.6847,19.3424,77.3694
TCGA-4N-A93T-01,17.9003,29.0276,12.0948,16.449
TCGA-4T-AA8H-01,10.9669,43.8677,4.3868,11.698
TCGA-5M-AAT4-01,28.3993,19.7935,6.4544,3.012
TCGA-5M-AAT5-01,25.7199,16.8168,8.903,5.9354
TCGA-5M-AAT6-01,505.302,297.931,91.873,148.309
TCGA-5M-AATA-01,67.5944,52.4851,28.6282,19.4831
TCGA-5M-AATE-01,46.6807,8.9243,8.9243,10.9837
TCGA-A6-2671-01,193.6875,89.6972,22.4979,13.885
TCGA-A6-2672-01,480.7607,303.7441,153.8521,98.4392
TCGA-A6-2674-01,528.1459,129.4032,41.1787,47.5833
TCGA-A6-2675-01,360.89,63.1153,32.9063,67.9703
TCGA-A6-2676-01,492.0079,258.6816,94.5614,49.4706
TCGA-A6-2677-01,54.2989,5.2533,4.4249,7.204
TCGA-A6-2678-01,317.8191,71.6025,20.4973,57.368
TCGA-A6-2679-01,30.1406,30.5714,152.7995,10.8651
TCGA-A6-2680-01,119.1831,68.5466,31.4322,29.172
TCGA-A6-2681-01,177.55,55.215,24.7642,22.2936
TCGA-A6-2682-01,176.554,33.9725,11.8389,10.2947
TCGA-A6-2683-01,41.1383,13.565,11.7584,7.0417
TCGA-A6-2684-01,324.589,105.723,20.4028,70.946
TCGA-A6-2685-01,627.037,48.5448,21.5755,45.8478
TCGA-A6-2686-01,711.848,395.417,114.091,208.191
TCGA-A6-3807-01,254.5794,54.2731,46.1015,44.1448
TCGA-A6-3808-01,228.5694,59.5518,37.2715,55.8553
TCGA-A6-3809-01,568.3657,212.3349,140.2007,116.0208
TCGA-A6-3810-01,362.594,83.712,17.7575,45.7691
TCGA-A6-4105-01,396.258,240.933,124.567,73.3051
TCGA-A6-4107-01,197.3859,48.1667,15.2646,29.4435
TCGA-A6-5656-01,43.6947,18.2522,6.0841,11.615
TCGA-A6-5657-01,110.269,49.956,69.1464,95.3428
TCGA-A6-5659-01,68.5751,16.1854,7.2408,22.5744
TCGA-A6-5660-01,149.914,9.8797,6.8729,19.7595
TCGA-A6-5661-01,89.2711,32.76,15.561,35.217
TCGA-A6-5662-01,83.5498,6.9264,56.2771,3.4632
TCGA-A6-5664-01,238.179,58.3771,53.7069,73.7887
TCGA-A6-5665-01,157.615,91.0042,48.7858,61.9204
TCGA-A6-5666-01,24.4524,3.0565,11.2073,3.0565
TCGA-A6-5667-01,99.629,32.2205,15.6863,21.1977
TCGA-A6-6137-01,89.535,55.3825,19.3839,101.073
TCGA-A6-6138-01,424.366,387.681,85.1449,194.746
TCGA-A6-6140-01,44.8411,30.4745,11.7545,25.6857
TCGA-A6-6141-01,148.239,145.164,103.952,142.088
TCGA-A6-6142-01,171.17,23.3679,8.763,9.9314
TCGA-A6-6648-01,55.1461,28.4625,7.6239,19.568
TCGA-A6-6649-01,87.0605,61.2294,19.772,67.9263
TCGA-A6-6650-01,36.4871,15.9146,10.8685,9.3159
TCGA-A6-6651-01,445.189,138.624,46.9061,138.205
TCGA-A6-6652-01,28.0825,6.5818,5.2655,6.5818
TCGA-A6-6653-01,126.656,61.5618,14.6335,27.7532
TCGA-A6-6654-01,619.867,141.776,52.3056,204.175
TCGA-A6-6780-01,756.797,308.453,168.067,81.562
TCGA-A6-6781-01,522.716,147.776,68.8666,131.038
TCGA-A6-6782-01,230.6,64.3739,26.455,47.619
TCGA-A6-A565-01,225.139,81.3309,64.695,170.055
TCGA-A6-A566-01,772.572,90.4139,35.542,130.321
TCGA-A6-A567-01,44.4789,11.3783,5.172,4.1376
TCGA-A6-A56B-01,96.3139,15.4578,2.3781,10.7015
TCGA-A6-A5ZU-01,258.108,25.4096,26.7469,49.4818
TCGA-AA-3488-01,53.4557,39.1061,35.5066,8.7752
TCGA-AA-3489-01,348.255,117.982,80.4249,181.715
TCGA-AA-3492-01,191.549,84.0471,45.9327,32.2506
TCGA-AA-3494-01,71.867,25.948,19.1349,16.6408
TCGA-AA-3495-01,105.289,67.308,30.7694,49.0387
TCGA-AA-3496-01,322.897,122.535,60.4398,91.0736
TCGA-AA-3502-01,168.116,61.8357,22.7053,21.256
TCGA-AA-3506-01,143.387,88.5493,29.2168,24.7219
TCGA-AA-3510-01,247.5123,64.3353,38.6743,38.2737
TCGA-AA-3511-01,87.9309,34.5748,10.6712,29.0257
TCGA-AA-3514-01,91.5516,41.7632,29.3581,23.7764
TCGA-AA-3517-01,150.3741,45.1152,19.3183,16.8059
TCGA-AA-3518-01,200.3459,121.6739,62.5216,48.5974
TCGA-AA-3519-01,119.8098,59.0598,12.229,5.6226
TCGA-AA-3520-01,256.7253,33.0295,15.8993,15.6035
TCGA-AA-3521-01,157.3509,13.7325,19.0464,22.9096
TCGA-AA-3522-01,139.6307,26.6438,20.408,30.8938
TCGA-AA-3524-01,107.523,9.3474,23.0697,35.9176
TCGA-AA-3525-01,120.1612,63.2978,24.0845,23.2081
TCGA-AA-3526-01,230.417,68.2547,47.6409,50.3894
TCGA-AA-3527-01,144.7495,100.3786,65.6699,38.0056
TCGA-AA-3529-01,97.2972,18.4596,17.1855,30.4467
TCGA-AA-3530-01,133.9551,48.374,17.5823,26.6699
TCGA-AA-3531-01,42.0399,18.1355,31.8717,19.1626
TCGA-AA-3532-01,370.1101,87.9611,69.3067,75.7726
TCGA-AA-3534-01,115.8659,22.8096,15.1242,9.1781
TCGA-AA-3538-01,149.8713,10.8529,7.1585,20.8884
TCGA-AA-3542-01,81.4853,31.9499,8.4977,2.765
TCGA-AA-3543-01,407.4371,381.2691,179.6842,101.4485
TCGA-AA-3544-01,375.2499,240.0353,92.0684,73.0735
TCGA-AA-3548-01,149.137,108.8643,47.7983,42.1035
TCGA-AA-3549-01,109.8058,73.0433,35.4698,28.6533
TCGA-AA-3552-01,205.7724,195.9706,51.9005,49.4766
TCGA-AA-3553-01,213.8688,62.9485,54.077,38.1082
TCGA-AA-3555-01,137.8249,26.1555,11.0486,17.1744
TCGA-AA-3560-01,240.8833,55.7104,5.2347,26.905
TCGA-AA-3561-01,101.6331,28.6329,8.6849,5.0999
TCGA-AA-3655-01,152.063,52.8512,24.1076,37.0885
TCGA-AA-3660-01,95.6522,33.8164,26.087,25.1208
TCGA-AA-3663-01,170.33,48.9011,14.8352,24.7253
TCGA-AA-3664-01,109.3327,72.8894,37.3161,45.2014
TCGA-AA-3666-01,132.706,46.0667,21.8669,12.3761
TCGA-AA-3667-01,51.4237,38.1276,23.2578,13.6941
TCGA-AA-3673-01,110.1822,42.9806,30.0611,34.4455
TCGA-AA-3675-01,70.7965,13.6766,18.5036,11.6653
TCGA-AA-3678-01,114.177,66.9746,26.181,31.4257
TCGA-AA-3679-01,82.4611,48.389,17.4656,10.5263
TCGA-AA-3680-01,122.2981,53.5654,28.0123,38.9018
TCGA-AA-3681-01,143.9982,96.5007,42.248,43.4843
TCGA-AA-3684-01,263.5319,86.8861,139.8293,47.7312
TCGA-AA-3685-01,298.839,81.7215,43.0368,40.619
TCGA-AA-3688-01,71.7351,35.7411,15.8473,13.6869
TCGA-AA-3692-01,317.9592,71.4822,30.3423,24.0946
TCGA-AA-3693-01,100.5569,13.0291,3.8079,10.2591
TCGA-AA-3695-01,5.7336,6.6673,1.1158,6.056
TCGA-AA-3696-01,64.7014,24.038,4.7943,-0.285
TCGA-AA-3710-01,635.1535,406.392,213.3795,135.6838
TCGA-AA-3712-01,128.175,52.7037,34.5736,46.3793
TCGA-AA-3713-01,201.527,89.1814,39.3788,85.3208
TCGA-AA-3715-01,435.8959,433.9289,97.7884,92.5277
TCGA-AA-3811-01,190.4692,116.6864,37.5825,56.3323
TCGA-AA-3812-01,134.3425,24.1817,15.3115,12.5532
TCGA-AA-3814-01,371.9042,49.8386,33.2317,33.4599
TCGA-AA-3818-01,140.0813,55.5416,29.0342,34.3947
TCGA-AA-3819-01,82.6738,25.1203,12.0707,16.2314
TCGA-AA-3821-01,245.8117,56.4249,20.7384,41.1479
TCGA-AA-3831-01,177.4207,63.9217,41.2349,35.0809
TCGA-AA-3833-01,234.5342,108.7379,94.1327,55.454
TCGA-AA-3837-01,62.7386,42.0344,34.3631,25.2187
TCGA-AA-3841-01,86.0562,54.37,56.8161,24.2789
TCGA-AA-3842-01,293.7434,50.3568,29.6251,33.9864
TCGA-AA-3844-01,99.731,57.9468,25.0169,26.7592
TCGA-AA-3845-01,234.507,151.8804,472.2992,56.8874
TCGA-AA-3846-01,168.0265,38.5174,23.0698,63.61
TCGA-AA-3848-01,53.7524,62.1706,36.3246,9.8212
TCGA-AA-3850-01,208.5324,102.5109,74.2211,37.6935
TCGA-AA-3851-01,212.0197,62.8402,36.7186,44.5603
TCGA-AA-3852-01,134.353,78.6611,34.9197,27.5963
TCGA-AA-3854-01,91.6703,20.732,17.4357,10.7343
TCGA-AA-3855-01,105.2099,67.1252,36.4822,37.208
TCGA-AA-3856-01,242.7589,133.2793,57.04,94.3905
TCGA-AA-3858-01,115.317,47.4345,26.6726,13.4987
TCGA-AA-3864-01,164.569,55.8259,11.5559,34.9596
TCGA-AA-3866-01,560.7713,109.6187,59.2845,94.077
TCGA-AA-3867-01,218.2287,27.2419,26.0492,14.0724
TCGA-AA-3869-01,197.6201,81.1802,39.8187,38.9754
TCGA-AA-3870-01,317.375,83.8303,62.2184,49.173
TCGA-AA-3872-01,339.0043,82.8584,24.8217,41.7663
TCGA-AA-3875-01,152.269,66.3679,30.107,42.0122
TCGA-AA-3877-01,380.7565,108.4984,37.7404,49.3384
TCGA-AA-3930-01,282.0368,70.5741,8.0388,41.8658
TCGA-AA-3939-01,138.2129,46.1977,15.8271,32.1782
TCGA-AA-3941-01,43.5394,146.7429,18.7454,5.6584
TCGA-AA-3947-01,553.7709,22.2133,0.0291,24.3025
TCGA-AA-3949-01,791.1731,335.2117,126.0996,124.2002
TCGA-AA-3950-01,665.5702,114.0756,46.6794,60.0462
TCGA-AA-3952-01,239.1625,39.3625,5.4667,6.8539
TCGA-AA-3955-01,97.0991,14.665,4.3727,7.1138
TCGA-AA-3956-01,103.5505,47.5953,8.4984,43.0292
TCGA-AA-3966-01,508.4236,195.1744,85.4657,97.5207
TCGA-AA-3968-01,211.6048,95.9577,33.4672,41.4942
TCGA-AA-3971-01,173.0935,99.1181,33.1785,46.198
TCGA-AA-3973-01,72.6406,33.1049,9.4345,16.2197
TCGA-AA-3975-01,130.4534,71.1391,21.8427,27.0642
TCGA-AA-3976-01,103.0151,51.9957,14.5583,11.911
TCGA-AA-3977-01,355.2774,158.2305,70.8846,56.0144
TCGA-AA-3979-01,83.3154,22.3323,9.6586,1.7861
TCGA-AA-3980-01,277.2643,248.2532,51.4784,102.0837
TCGA-AA-3982-01,317.7542,140.8479,65.565,80.1054
TCGA-AA-3984-01,170.1523,124.8754,27.538,44.0598
TCGA-AA-3986-01,194.1525,217.4605,92.6475,65.2744
TCGA-AA-3989-01,148.5069,177.069,99.1548,32.9779
TCGA-AA-3994-01,174.7434,44.6946,22.3283,12.8232
TCGA-AA-A004-01,25.7978,51.9024,51.9558,-0.285
TCGA-AA-A00A-01,176.7505,110.926,37.528,55.4013
TCGA-AA-A00D-01,425.9833,246.0428,91.113,139.2052
TCGA-AA-A00E-01,299.4672,114.8082,45.5663,63.9215
TCGA-AA-A00F-01,65.2976,46.5109,14.0842,20.5557
TCGA-AA-A00J-01,245.935,49.286,14.0767,27.6351
TCGA-AA-A00K-01,66.7117,89.6932,24.7809,17.0245
TCGA-AA-A00L-01,41.6716,20.7574,9.0296,8.171
TCGA-AA-A00N-01,214.2189,83.2741,19.2705,24.5045
TCGA-AA-A00O-01,130.703,23.6271,33.8645,16.3438
TCGA-AA-A00Q-01,83.245,48.2606,26.5368,34.8448
TCGA-AA-A00R-01,509.7133,705.2336,256.499,152.486
TCGA-AA-A00U-01,61.1062,39.6615,26.7593,19.4898
TCGA-AA-A00W-01,33.6255,62.4638,12.5067,14.7697
TCGA-AA-A00Z-01,74.293,37.3097,8.2781,15.9673
TCGA-AA-A010-01,208.2252,75.3282,34.6179,44.5603
TCGA-AA-A017-01,50.1002,38.1474,21.6108,19.4908
TCGA-AA-A01C-01,104.0465,66.6755,20.2351,11.575
TCGA-AA-A01D-01,345.0873,165.5515,22.1629,13.3865
TCGA-AA-A01F-01,15.1665,12.6218,5.0082,3.3119
TCGA-AA-A01G-01,64.3948,30.3954,18.175,27.6529
TCGA-AA-A01I-01,62.9835,44.3041,5.854,39.7329
TCGA-AA-A01K-01,143.452,67.0142,44.7803,31.4034
TCGA-AA-A01P-01,517.54,456.036,211.389,183.143
TCGA-AA-A01Q-01,172.4766,173.1435,11.1971,40.4459
TCGA-AA-A01R-01,293.5677,566.6325,269.2909,174.8141
TCGA-AA-A01S-01,23.3404,2.8421,5.5158,1.6825
TCGA-AA-A01T-01,13.2073,66.5057,11.3722,5.6004
TCGA-AA-A01V-01,58.2057,79.4613,193.0768,29.8369
TCGA-AA-A01X-01,45.7944,21.9626,50.0,10.2804
TCGA-AA-A01Z-01,27.4678,15.4506,1.2876,5.5794
TCGA-AA-A022-01,489.5062,851.7213,184.6457,207.5762
TCGA-AA-A024-01,30.0213,29.1871,44.288,15.5403
TCGA-AA-A029-01,44.6994,31.7674,10.5579,3.5162
TCGA-AA-A02E-01,56.8492,30.5347,129.9632,10.4322
TCGA-AA-A02F-01,52.1642,7.7781,3.8445,6.6728
TCGA-AA-A02H-01,77.2231,10.1679,10.0476,9.4971
TCGA-AA-A02J-01,26.7655,10.4297,7.9329,3.7145
TCGA-AA-A02O-01,49.444,38.6903,34.2219,17.6266
TCGA-AA-A02R-01,624.5403,549.1408,210.8656,127.1772
TCGA-AA-A02W-01,58.3796,30.222,11.7134,19.5036
TCGA-AA-A02Y-01,60.0601,114.543,59.6311,54.9121
TCGA-AA-A03F-01,48.3272,75.6538,29.1708,10.3791
TCGA-AA-A03J-01,140.838,192.3525,68.1901,41.9149
TCGA-AD-5900-01,300.83,117.739,34.2324,93.8797
TCGA-AD-6548-01,311.715,71.0857,57.1954,101.317
TCGA-AD-6888-01,14.482,15.2247,9.2833,5.1987
TCGA-AD-6889-01,73.2207,33.2821,23.0415,30.722
TCGA-AD-6890-01,86.2884,69.1489,40.1891,52.6005
TCGA-AD-6895-01,199.775,162.937,92.0948,90.2057
TCGA-AD-6899-01,341.16,143.01,67.9473,99.2529
TCGA-AD-6901-01,275.565,114.863,37.9363,52.1624
TCGA-AD-6963-01,64.9351,97.9291,64.5841,62.8291
TCGA-AD-6964-01,704.657,373.173,199.698,168.768
TCGA-AD-6965-01,77.9959,19.1116,33.5744,28.4091
TCGA-AD-A5EJ-01,92.5926,58.9669,21.4425,31.6764
TCGA-AD-A5EK-01,59.0038,17.2414,13.0268,13.41
TCGA-AF-2687-01,498.936,102.597,37.037,94.0826
TCGA-AF-2690-01,705.774,137.915,88.3952,215.203
TCGA-AF-2691-01,255.7294,63.1198,62.3464,53.5949
TCGA-AF-2692-01,96.4855,62.4638,10.4238,30.782
TCGA-AF-2693-01,147.138,33.3225,15.1466,34.6208
TCGA-AF-3400-01,892.3901,53.134,27.5991,38.72
TCGA-AF-3911-01,127.921,36.7855,11.2676,33.1401
TCGA-AF-4110-01,190.238,70.767,45.7904,69.1019
TCGA-AF-5654-01,29.3798,19.0424,8.161,8.7051
TCGA-AF-6136-01,38.3166,38.3166,11.9347,21.9849
TCGA-AF-6655-01,123.939,35.0877,23.2032,15.2801
TCGA-AF-6672-01,43.1433,22.4121,26.3342,33.6182
TCGA-AF-A56K-01,211.903,38.3228,32.9125,94.6799
TCGA-AF-A56L-01,89.434,28.3019,17.7358,35.8491
TCGA-AF-A56N-01,84.1084,18.6009,21.0271,30.7319
TCGA-AG-3574-01,98.7376,35.2106,24.9611,8.4754
TCGA-AG-3575-01,482.9205,42.8879,47.9809,35.5331
TCGA-AG-3578-01,129.6588,43.0016,29.2523,20.6766
TCGA-AG-3580-01,106.8272,85.5461,41.3389,28.8874
TCGA-AG-3581-01,127.2579,44.8618,27.1706,11.6576
TCGA-AG-3582-01,160.6483,27.8329,15.4005,15.5909
TCGA-AG-3583-01,80.9419,58.5383,10.546,14.3597
TCGA-AG-3584-01,183.8476,92.0095,48.3507,34.1798
TCGA-AG-3586-01,130.9831,40.8025,15.132,21.2579
TCGA-AG-3587-01,115.7683,76.0615,19.0582,13.7174
TCGA-AG-3591-01,96.6929,19.5443,6.1719,16.9727
TCGA-AG-3592-01,101.57,63.7616,21.1471,30.439
TCGA-AG-3593-01,183.0565,61.1909,44.0927,32.5819
TCGA-AG-3594-01,293.7471,278.141,116.3589,118.8999
TCGA-AG-3598-01,176.6014,125.4886,53.7001,26.6545
TCGA-AG-3599-01,150.7326,129.203,51.4021,45.8244
TCGA-AG-3600-01,340.3128,104.9697,60.7633,27.4259
TCGA-AG-3601-01,89.1016,27.9429,2.1597,10.6807
TCGA-AG-3602-01,171.4091,31.5117,12.8505,29.4852
TCGA-AG-3605-01,86.3343,23.3035,15.454,5.3101
TCGA-AG-3608-01,207.299,96.2645,29.096,53.6894
TCGA-AG-3609-01,241.4163,156.2528,50.889,48.5861
TCGA-AG-3725-01,46.875,54.0541,29.1385,24.4932
TCGA-AG-3726-01,39.4962,73.0611,34.18,6.8078
TCGA-AG-3727-01,36.6212,38.9353,35.6453,7.9714
TCGA-AG-3728-01,168.0246,116.6833,61.8947,55.9337
TCGA-AG-3731-01,321.514,165.536,60.021,157.89
TCGA-AG-3732-01,76.644,107.029,64.3991,157.823
TCGA-AG-3742-01,104.004,23.9258,9.2773,20.9961
TCGA-AG-3878-01,165.9008,211.9386,104.4165,66.5197
TCGA-AG-3881-01,234.6876,87.3819,51.6112,16.1758
TCGA-AG-3882-01,136.6454,325.8514,153.5433,84.129
TCGA-AG-3883-01,228.5694,100.4748,75.772,10.4742
TCGA-AG-3885-01,53.9647,105.4518,52.1298,15.043
TCGA-AG-3887-01,118.6883,99.7352,40.8648,23.1547
TCGA-AG-3890-01,133.7866,110.556,61.152,39.1973
TCGA-AG-3892-01,254.0249,162.2123,72.8142,76.5129
TCGA-AG-3893-01,160.0793,40.7685,17.1394,24.3582
TCGA-AG-3894-01,59.6543,19.165,49.3214,5.3921
TCGA-AG-3896-01,132.266,31.1937,16.7419,7.5479
TCGA-AG-3898-01,157.6654,36.0144,11.9779,25.4111
TCGA-AG-3901-01,456.9746,76.5852,36.5728,38.9284
TCGA-AG-3902-01,270.091,235.763,103.632,156.744
TCGA-AG-3909-01,99.4284,26.7613,17.3784,9.8751
TCGA-AG-3999-01,78.9537,16.9944,10.5428,4.2812
TCGA-AG-4001-01,247.7889,55.3937,30.6867,38.2149
TCGA-AG-4005-01,106.2367,36.3145,20.5654,17.7819
TCGA-AG-4007-01,172.3935,108.3422,61.3615,22.8911
TCGA-AG-4008-01,211.5072,30.0586,38.0419,19.2977
TCGA-AG-4015-01,97.4315,49.5556,32.3666,22.9486
TCGA-AG-4021-01,200.074,31.6103,7.4377,18.5943
TCGA-AG-4022-01,242.371,44.6705,13.7107,92.8793
TCGA-AG-A002-01,19.3113,25.3769,9.6253,-0.285
TCGA-AG-A008-01,55.1585,36.2358,32.2937,9.1396
TCGA-AG-A00C-01,58.0871,40.015,13.8286,10.9627
TCGA-AG-A00Y-01,95.1672,199.0288,32.8323,31.4308
TCGA-AG-A011-01,110.4369,39.6471,25.5404,20.4957
TCGA-AG-A015-01,39.7569,12.4108,17.1976,3.2504
TCGA-AG-A016-01,15.4079,7.1476,3.5313,6.526
TCGA-AG-A01J-01,39.5164,45.6936,13.4285,16.5409
TCGA-AG-A01L-01,48.5559,33.6424,21.3515,16.9573
TCGA-AG-A01N-01,34.2921,23.666,7.1718,7.9159
TCGA-AG-A01W-01,98.3632,48.598,24.7188,27.6047
TCGA-AG-A01Y-01,206.3634,71.6292,66.7355,64.9262
TCGA-AG-A020-01,37.7719,23.5276,3.3585,8.2435
TCGA-AG-A025-01,70.8372,62.5262,17.8839,26.2945
TCGA-AG-A026-01,36.2247,23.3827,12.6001,6.7569
TCGA-AG-A02G-01,72.1027,66.896,43.3843,19.3755
TCGA-AG-A02N-01,173.0018,137.9082,18.0892,41.2809
TCGA-AG-A02X-01,34.4353,36.5557,12.159,4.1016
TCGA-AG-A032-01,53.9983,37.9177,27.2063,13.6153
TCGA-AH-6544-01,4.7778,5.2556,0.0,1.9111
TCGA-AH-6547-01,349.902,93.9961,50.1969,245.571
TCGA-AH-6643-01,78.2793,15.479,76.5102,9.7296
TCGA-AH-6644-01,210.692,79.0656,33.2435,60.6469
TCGA-AH-6897-01,26.9518,12.3041,5.8591,5.2732
TCGA-AH-6903-01,40.0763,14.7901,7.6336,19.084
TCGA-AM-5820-01,175.365,10.0209,3.3403,3.3403
TCGA-AM-5821-01,289.29,187.064,54.8017,86.4181
TCGA-AU-3779-01,203.284,63.5913,38.0506,71.41
TCGA-AU-6004-01,399.694,118.509,65.5953,99.2675
TCGA-AY-4070-01,105.0593,125.3407,52.1124,59.4129
TCGA-AY-4071-01,203.7266,154.9992,62.4729,59.7764
TCGA-AY-5543-01,98.5804,52.8391,19.7161,53.2334
TCGA-AY-6196-01,794.718,211.285,280.312,439.376
TCGA-AY-6197-01,87.4898,80.1308,19.6239,51.1038
TCGA-AY-6386-01,83.2684,33.3964,29.3888,36.5134
TCGA-AY-A54L-01,11.0263,22.4767,8.0577,9.3299
TCGA-AY-A69D-01,74.9356,28.4116,11.3646,31.2528
TCGA-AY-A71X-01,29.2083,25.3651,6.9178,7.6864
TCGA-AY-A8YK-01,66.8718,19.9687,12.5385,8.8234
TCGA-AZ-4308-01,83.6008,40.4778,36.1806,12.1932
TCGA-AZ-4313-01,34.5154,24.1135,9.9291,21.2766
TCGA-AZ-4315-01,204.618,88.83,21.6551,25.6325
TCGA-AZ-4323-01,199.724,440.597,354.284,676.954
TCGA-AZ-4614-01,37.9902,71.8954,38.3987,33.0882
TCGA-AZ-4615-01,491.815,392.416,139.442,155.93
TCGA-AZ-4616-01,169.905,186.846,85.2018,69.2576
TCGA-AZ-4681-01,27.7622,14.124,2.3507,6.4903
TCGA-AZ-4682-01,57.3359,17.2008,9.829,8.6004
TCGA-AZ-4684-01,211.801,55.0873,34.667,44.1648
TCGA-AZ-5403-01,142.989,10.6432,6.0157,9.7177
TCGA-AZ-5407-01,93.5416,45.3183,22.6591,36.6032
TCGA-AZ-6598-01,280.238,138.769,36.1771,29.1577
TCGA-AZ-6599-01,13.7562,16.3037,8.6613,16.8131
TCGA-AZ-6600-01,341.536,32.6686,31.8201,47.518
TCGA-AZ-6603-01,175.885,69.4762,20.1115,24.8652
TCGA-AZ-6605-01,278.051,68.4055,40.8465,104.331
TCGA-AZ-6606-01,29.5249,18.2971,5.406,12.0595
TCGA-AZ-6607-01,383.494,74.1861,34.6999,50.8534
TCGA-CA-5254-01,76.9012,24.6235,8.7129,17.4259
TCGA-CA-5255-01,27.192,14.9834,5.5494,11.6537
TCGA-CA-5256-01,106.723,36.4549,16.3783,28.5299
TCGA-CA-5796-01,93.9297,18.5304,12.1406,26.1981
TCGA-CA-5797-01,119.464,53.9635,19.3524,35.3554
TCGA-CA-6715-01,23.2816,1.4782,1.4782,4.4346
TCGA-CA-6716-01,32.2478,8.0619,4.2431,6.789
TCGA-CA-6717-01,317.425,185.952,84.6466,211.616
TCGA-CA-6718-01,376.175,505.094,129.702,161.05
TCGA-CA-6719-01,214.65,66.2958,22.7167,61.6597
TCGA-CI-6619-01,85.6739,64.2554,46.0699,37.9875
TCGA-CI-6620-01,75.213,22.7206,9.7934,31.3388
TCGA-CI-6621-01,202.845,77.3493,45.7781,59.9852
TCGA-CI-6622-01,43.6626,10.1738,8.4782,8.9021
TCGA-CI-6623-01,68.5028,38.8418,10.9463,24.0113
TCGA-CI-6624-01,148.848,79.2627,35.4839,122.581
TCGA-CK-4947-01,213.018,81.5723,32.967,121.724
TCGA-CK-4948-01,176.974,20.3947,23.6842,35.1974
TCGA-CK-4950-01,186.559,84.0687,70.3363,87.7529
TCGA-CK-4951-01,289.118,118.421,59.0327,93.8834
TCGA-CK-4952-01,117.888,26.1973,13.0986,5.3213
TCGA-CK-5912-01,57.8842,5.489,6.487,9.98
TCGA-CK-5913-01,186.369,55.1115,30.711,72.3601
TCGA-CK-5914-01,123.937,72.499,27.5415,54.273
TCGA-CK-5915-01,17.3179,15.9858,2.2202,3.9964
TCGA-CK-5916-01,446.002,274.783,125.942,139.473
TCGA-CK-6746-01,306.113,2322.99,60.219,53.8321
TCGA-CK-6747-01,76.7744,37.8362,22.0405,43.7137
TCGA-CK-6748-01,256.858,14.2248,9.3477,25.6046
TCGA-CK-6751-01,101.746,48.5953,30.3721,61.2503
TCGA-CL-4957-01,40.657,23.2326,10.1643,18.5135
TCGA-CL-5917-01,33.814,11.4371,10.4426,11.4371
TCGA-CL-5918-01,40.6203,22.5058,6.0382,21.408
TCGA-CM-4743-01,113.948,52.3039,17.4346,19.3026
TCGA-CM-4744-01,188.222,134.499,68.4091,102.807
TCGA-CM-4746-01,30.905,42.2632,21.8877,24.0717
TCGA-CM-4747-01,100.529,35.594,12.987,21.164
TCGA-CM-4748-01,120.4946,105.4867,21.1854,-0.285
TCGA-CM-4750-01,76.2989,39.2394,23.7116,24.1902
TCGA-CM-4751-01,172.761,154.479,92.3218,134.826
TCGA-CM-4752-01,260.412,64.3626,24.6097,49.0391
TCGA-CM-5341-01,799.0781,35.1709,8.4727,56.2468
TCGA-CM-5344-01,113.426,9.37,10.3563,14.7947
TCGA-CM-5348-01,514.274,35.6843,28.1276,55.8354
TCGA-CM-5349-01,230.073,25.4381,0.5653,26.0034
TCGA-CM-5860-01,309.005,28.8405,21.1889,41.2007
TCGA-CM-5861-01,82.6855,380.212,26.8551,27.5618
TCGA-CM-5862-01,44.4444,4.5752,13.0719,5.8824
TCGA-CM-5863-01,175.042,33.1811,7.6942,17.3119
TCGA-CM-5864-01,72.8883,27.9292,36.1035,13.624
TCGA-CM-5868-01,128.315,10.3943,4.6595,8.6022
TCGA-CM-6161-01,189.722,41.1135,39.4004,109.636
TCGA-CM-6162-01,588.899,104.242,68.1408,171.029
TCGA-CM-6163-01,176.016,68.2262,27.8557,82.7597
TCGA-CM-6164-01,103.819,82.6845,37.0782,50.7972
TCGA-CM-6165-01,220.581,23.6337,17.2329,62.0384
TCGA-CM-6166-01,19.7605,10.7784,5.3892,11.976
TCGA-CM-6167-01,276.63,25.9671,15.8983,119.237
TCGA-CM-6168-01,353.908,42.5532,32.4415,119.654
TCGA-CM-6169-01,422.315,119.917,54.2231,193.952
TCGA-CM-6170-01,124.74,33.6798,18.711,44.0748
TCGA-CM-6171-01,99.8763,82.7803,26.5437,45.4392
TCGA-CM-6172-01,85.9619,23.108,9.7054,20.3351
TCGA-CM-6674-01,233.634,85.7788,29.3454,54.1761
TCGA-CM-6675-01,81.7959,25.7879,21.7585,29.8172
TCGA-CM-6676-01,60.0858,19.7425,12.0172,12.8755
TCGA-CM-6677-01,132.701,64.9966,39.2688,54.1638
TCGA-CM-6678-01,31.7668,8.7032,6.5274,13.49
TCGA-CM-6679-01,143.646,41.8311,28.4136,47.356
TCGA-CM-6680-01,206.697,73.6879,45.4177,63.4921
TCGA-D5-5537-01,76.7042,9.8973,12.8665,17.3203
TCGA-D5-5538-01,547.004,55.3428,29.1538,72.1433
TCGA-D5-5539-01,204.815,14.0928,6.1069,34.7622
TCGA-D5-5540-01,111.453,25.8621,12.3153,17.8571
TCGA-D5-5541-01,306.639,48.5969,28.4052,67.0773
TCGA-D5-6529-01,278.877,162.448,95.7202,132.536
TCGA-D5-6530-01,257.669,202.667,64.9129,98.6081
TCGA-D5-6531-01,310.402,225.144,54.1161,89.3427
TCGA-D5-6532-01,39.1037,12.3023,6.1511,9.2267
TCGA-D5-6533-01,78.4314,37.8477,19.1518,20.0638
TCGA-D5-6534-01,796.02,71.7951,123.725,375.356
TCGA-D5-6535-01,116.916,48.228,41.4079,88.1744
TCGA-D5-6536-01,146.213,14.4545,0.5559,3.8916
TCGA-D5-6537-01,62.3798,30.3354,17.9449,14.5268
TCGA-D5-6538-01,32.7722,4.0404,4.0404,2.2447
TCGA-D5-6539-01,81.4063,43.7268,12.0947,32.5625
TCGA-D5-6540-01,115.398,89.1287,40.3424,62.8592
TCGA-D5-6541-01,554.762,115.033,29.9016,66.487
TCGA-D5-6898-01,228.681,52.0064,20.655,79.6694
TCGA-D5-6920-01,112.992,104.724,37.0079,44.4882
TCGA-D5-6922-01,158.762,71.6407,25.5603,56.1606
TCGA-D5-6923-01,105.022,26.5009,13.7412,18.6488
TCGA-D5-6924-01,233.504,58.2107,46.9654,97.2383
TCGA-D5-6926-01,213.038,45.164,31.5296,43.0337
TCGA-D5-6927-01,318.714,103.793,93.6398,115.639
TCGA-D5-6928-01,961.244,810.477,613.288,573.68
TCGA-D5-6929-01,135.356,36.0556,28.3716,32.5092
TCGA-D5-6930-01,275.398,154.731,77.9429,157.618
TCGA-D5-6931-01,204.397,96.8195,48.6436,89.3358
TCGA-D5-6932-01,150.22,53.2311,23.9089,42.4044
TCGA-D5-7000-01,156.817,53.7097,32.1474,57.6301
TCGA-DC-4745-01,125.456,22.354,12.7737,22.354
TCGA-DC-4749-01,39.7878,20.336,8.8417,8.3996
TCGA-DC-5337-01,81.335,43.1917,35.3387,23.5591
TCGA-DC-5869-01,82.4891,13.0246,7.2359,24.602
TCGA-DC-6154-01,106.865,5.1091,4.6833,11.4955
TCGA-DC-6155-01,22.0158,119.711,9.6319,9.6319
TCGA-DC-6156-01,610.939,102.699,48.2446,44.9009
TCGA-DC-6157-01,73.4633,16.4918,17.991,29.4853
TCGA-DC-6158-01,300.079,61.741,63.1029,110.317
TCGA-DC-6160-01,97.9592,56.3529,14.7465,35.813
TCGA-DC-6681-01,71.3856,20.2885,17.2828,27.4271
TCGA-DC-6682-01,80.1317,42.8101,7.6839,45.5543
TCGA-DC-6683-01,158.62,4.635,12.875,28.84
TCGA-DM-A0X9-01,92.8365,109.862,58.4645,48.8275
TCGA-DM-A0XD-01,41.0879,32.6836,8.8713,9.3382
TCGA-DM-A0XF-01,99.3318,47.8863,15.5307,32.6792
TCGA-DM-A1D0-01,20.986,23.6509,1.3324,0.9993
TCGA-DM-A1D4-01,33.8361,37.0974,8.5609,17.9372
TCGA-DM-A1D6-01,13.8359,10.7299,1.1295,4.2355
TCGA-DM-A1D7-01,47.0947,47.4436,12.5586,11.1632
TCGA-DM-A1D8-01,43.2772,47.2415,20.152,26.7592
TCGA-DM-A1D9-01,41.7219,26.8212,5.9603,10.2649
TCGA-DM-A1DA-01,83.0417,20.3627,13.6812,6.6815
TCGA-DM-A1DB-01,41.2903,54.767,19.7849,41.8638
TCGA-DM-A1HA-01,56.2987,79.8563,37.9317,23.9569
TCGA-DM-A1HB-01,60.8503,10.8805,5.6417,15.3133
TCGA-DM-A280-01,61.8352,7.3748,4.5384,2.8365
TCGA-DM-A282-01,36.7051,10.6701,5.5484,10.2433
TCGA-DM-A285-01,81.6996,16.7776,3.6473,1.8237
TCGA-DM-A288-01,43.6791,2.7999,3.9199,0.0
TCGA-DM-A28A-01,119.038,44.3225,15.1963,11.8193
TCGA-DM-A28C-01,17.7246,6.183,2.8854,0.8244
TCGA-DM-A28E-01,14.8181,13.471,4.0413,9.8788
TCGA-DM-A28F-01,27.1801,28.2255,9.06,14.287
TCGA-DM-A28G-01,56.8807,22.0183,22.9358,18.3486
TCGA-DM-A28H-01,61.2648,3.1621,7.5099,11.4625
TCGA-DM-A28K-01,66.9087,24.3776,7.2614,6.7427
TCGA-DM-A28M-01,13.4545,3.2727,2.9091,4.7273
TCGA-DT-5265-01,350.807,43.8508,15.121,10.0806
TCGA-DY-A0XA-01,59.1504,25.278,4.55,15.6723
TCGA-DY-A1DC-01,103.964,31.6843,12.8717,42.0807
TCGA-DY-A1DD-01,49.0825,23.5396,11.5194,6.5109
TCGA-DY-A1DE-01,190.71,71.5774,25.9836,55.3989
TCGA-DY-A1DF-01,38.7931,13.5468,1.2315,0.6158
TCGA-DY-A1DG-01,17.6557,15.694,3.9235,10.2992
TCGA-DY-A1H8-01,33.6081,43.754,13.3164,3.8047
TCGA-EF-5830-01,85.3535,46.9697,36.8687,18.1818
TCGA-EF-5831-01,131.832,22.2881,10.9069,16.5975
TCGA-EI-6506-01,109.19,65.9258,22.662,42.0277
TCGA-EI-6507-01,413.216,282.819,108.811,124.67
TCGA-EI-6508-01,70.565,21.8242,16.0044,19.6418
TCGA-EI-6509-01,94.9106,7.7946,2.751,3.2095
TCGA-EI-6510-01,34.5563,48.2082,16.6382,45.2218
TCGA-EI-6511-01,305.845,265.824,69.5103,108.267
TCGA-EI-6512-01,81.1984,39.0795,14.7634,21.7108
TCGA-EI-6513-01,123.784,48.2678,21.0199,48.2678
TCGA-EI-6514-01,118.403,17.8049,7.122,26.2623
TCGA-EI-6881-01,41.7237,30.0958,15.3899,16.7579
TCGA-EI-6882-01,101.772,82.9045,17.7244,48.0274
TCGA-EI-6883-01,124.251,54.7343,43.1482,61.5262
TCGA-EI-6884-01,171.365,52.349,27.2931,45.1902
TCGA-EI-6885-01,193.306,75.0704,28.777,56.6156
TCGA-EI-6917-01,671.787,121.394,69.689,174.223
TCGA-EI-7002-01,110.286,27.4786,12.6253,43.0746
TCGA-EI-7004-01,338.095,48.4848,25.974,38.5281
TCGA-F4-6459-01,211.875,35.0278,25.6301,46.1341
TCGA-F4-6460-01,112.617,90.1981,28.1543,34.4108
TCGA-F4-6461-01,113.092,29.5265,35.6546,49.5822
TCGA-F4-6463-01,104.5,57.5,114.0,42.0
TCGA-F4-6569-01,344.877,45.2163,24.6634,40.2836
TCGA-F4-6570-01,703.683,344.374,115.963,121.234
TCGA-F4-6703-01,1063.29,323.675,217.308,268.014
TCGA-F4-6704-01,255.034,77.8813,38.6664,74.0421
TCGA-F4-6805-01,348.729,61.7717,26.9549,69.6336
TCGA-F4-6806-01,46.2157,22.7729,22.1031,27.4615
TCGA-F4-6807-01,238.883,159.773,85.3154,130.817
TCGA-F4-6808-01,11.2493,10.0651,11.2493,13.0255
TCGA-F4-6809-01,191.949,61.0169,57.2034,70.7627
TCGA-F4-6854-01,112.936,70.5412,45.8692,56.6415
TCGA-F4-6855-01,253.968,9.8184,10.4729,28.146
TCGA-F4-6856-01,82.4683,60.8029,28.6542,60.104
TCGA-F5-6464-01,497.91,95.4025,41.7954,125.841
TCGA-F5-6465-01,260.553,139.409,69.7046,80.8871
TCGA-F5-6571-01,282.206,53.7917,39.3402,147.726
TCGA-F5-6702-01,330.442,50.8055,15.696,62.3709
TCGA-F5-6810-01,66.4686,52.358,13.368,15.9673
TCGA-F5-6811-01,252.82,51.6917,10.3383,75.188
TCGA-F5-6812-01,187.107,84.5305,34.667,93.0785
TCGA-F5-6813-01,167.322,62.9096,40.6291,65.5308
TCGA-F5-6814-01,235.44,225.497,62.1449,110.44
TCGA-F5-6861-01,79.4965,20.8678,18.5492,34.4485
TCGA-F5-6863-01,26.0223,11.5242,5.948,8.1784
TCGA-F5-6864-01,236.563,51.0977,30.6586,75.3217
TCGA-G4-6293-01,124.602,108.165,54.6129,86.4263
TCGA-G4-6294-01,88.9816,17.1475,19.0013,7.4151
TCGA-G4-6295-01,143.361,185.64,65.1197,140.445
TCGA-G4-6297-01,254.075,51.2943,30.2013,59.9233
TCGA-G4-6298-01,35.078,5.0111,5.0111,3.8976
TCGA-G4-6299-01,392.175,254.322,89.6269,87.8071
TCGA-G4-6302-01,274.707,116.136,27.9174,65.885
TCGA-G4-6303-01,109.094,29.2523,9.2919,30.9731
TCGA-G4-6304-01,108.297,52.4017,27.9476,22.7074
TCGA-G4-6306-01,38.0014,52.076,31.6678,69.6692
TCGA-G4-6307-01,16.2113,19.8139,7.5053,11.7082
TCGA-G4-6309-01,90.6002,40.7701,28.8788,48.1314
TCGA-G4-6311-01,276.495,18.3631,21.511,40.9234
TCGA-G4-6315-01,13.3676,14.91,4.6272,9.7686
TCGA-G4-6317-01,16.3845,24.0306,19.1152,12.0153
TCGA-G4-6320-01,36.2924,38.107,16.9365,27.2193
TCGA-G4-6321-01,54.6772,66.5349,44.7958,54.6772
TCGA-G4-6322-01,56.52,44.8123,25.0303,22.2043
TCGA-G4-6323-01,62.3238,29.678,70.0401,78.3499
TCGA-G4-6586-01,175.245,241.174,83.3688,100.383
TCGA-G4-6588-01,145.218,58.0871,19.5293,41.0616
TCGA-G4-6626-01,38.5965,27.193,14.0351,19.7368
TCGA-G4-6627-01,213.066,97.5485,46.7206,128.353
TCGA-G4-6628-01,518.657,361.94,116.086,207.711
TCGA-G5-6641-01,14.038,8.6705,4.1288,6.6061
TCGA-NH-A50T-01,29.6163,5.8335,2.6924,6.2823
TCGA-NH-A50U-01,132.84,35.7028,28.3049,3.8598
TCGA-NH-A50V-01,147.774,37.6319,39.0087,91.3263
TCGA-NH-A5IV-01,436.364,218.968,78.6241,121.081
TCGA-NH-A6GA-01,100.258,41.7743,14.9691,29.9383
TCGA-NH-A6GB-01,80.2965,72.8845,22.2359,43.2366
TCGA-NH-A6GC-01,77.708,29.8273,11.7739,10.2041
TCGA-NH-A8F7-01,29.3878,5.1312,1.3994,3.7318
TCGA-NH-A8F8-01,185.851,42.1112,20.7748,23.0208
TCGA-QG-A5YV-01,66.5158,29.1253,20.86,25.583
TCGA-QG-A5YW-01,140.589,87.0694,41.1383,62.3065
TCGA-QG-A5YX-01,36.0065,12.6841,7.365,20.8674
TCGA-QG-A5Z1-01,127.534,9.7586,5.0475,20.1901
TCGA-QG-A5Z2-01,109.702,95.6462,61.7072,170.038
TCGA-QL-A97D-01,140.765,154.936,58.1011,154.936
TCGA-RU-A8FL-01,18.1653,4.9955,4.9955,4.0872
TCGA-SS-A7HO-01,18.277,23.499,5.6572,4.3517
TCGA-T9-A92H-01,36.6008,45.8561,10.5175,20.6142
TCGA-WS-AB45-01,695.155,107.411,27.3557,65.9754
